OBJECTID,Value,Count,EVT_NAME,LFRDB,EVT_FUEL,EVT_FUEL_N,EVT_LF,EVT_PHYS,EVT_GP,EVT_GP_N,SAF_SRM,EVT_ORDER,EVT_CLASS,EVT_SBCLS,R,G,B,RED,GREEN,BLUE
1,-9999,143070,Fill-NoData,-9999,-9999,NA,NA,NA,-9999,NA,NA,NA,NA,NA,255,255,255,1,1,1
2,7008,313939,North Pacific Oak Woodland,7008,2008,Tr North Pacific Oak Woodland,Tree,Hardwood,629,Western Oak Woodland and Savanna,SAF 233: Oregon White Oak,Tree-dominated,Open tree canopy,Deciduous open tree canopy,203,255,171,0.796078,1,0.670588
3,7011,203132,Rocky Mountain Aspen Forest and Woodland,7011,2011,Tr Rocky Mountain Aspen Forest and Woodland,Tree,Hardwood,602,"Aspen Forest, Woodland, and Parkland",SAF 217: Aspen,Tree-dominated,Open tree canopy,Deciduous open tree canopy,192,255,138,0.752941,1,0.541176
4,7014,2201307,Central and Southern California Mixed Evergreen Woodland,7014,2014,Tr Central and Southern California Mixed Evergreen Woodland,Tree,Conifer,626,California Mixed Evergreen Forest and Woodland,SAF 249: Canyon Live Oak,Tree-dominated,Open tree canopy,Evergreen open tree canopy,145,255,115,0.568627,1,0.45098
5,7015,5640077,California Coastal Redwood Forest,7015,2015,Tr California Coastal Redwood Forest,Tree,Conifer,634,Redwood Forest and Woodland,SAF 232: Redwood,Tree-dominated,Open tree canopy,Evergreen open tree canopy,135,255,105,0.529412,1,0.411765
6,7017,3970326,Columbia Plateau Western Juniper Woodland and Savanna,7017,2017,Tr Columbia Plateau Western Juniper Woodland and Savanna,Tree,Conifer,620,Juniper Woodland and Savanna,SRM 107: Western Juniper-Big Sagebrush-Bluebunch Wheatgrass,Tree-dominated,Open tree canopy,Evergreen open tree canopy,108,255,82,0.423529,1,0.321569
7,7019,6491553,Great Basin Pinyon-Juniper Woodland,7019,2019,Tr Great Basin Pinyon-Juniper Woodland,Tree,Conifer,630,Pinyon-Juniper Woodland,SRM 412: Juniper-Pinyon Woodland,Tree-dominated,Open tree canopy,Evergreen open tree canopy,78,255,59,0.305882,1,0.231373
8,7020,214353,Inter-Mountain Basins Subalpine Limber-Bristlecone Pine Woodland,7020,2020,Tr Inter-Mountain Basins Subalpine Limber-Bristlecone Pine Woodland,Tree,Conifer,621,Limber Pine Woodland,SAF 209: Bristlecone Pine,Tree-dominated,Open tree canopy,Evergreen open tree canopy,63,255,46,0.247059,1,0.180392
9,7021,332828,Klamath-Siskiyou Lower Montane Serpentine Mixed Conifer Woodland,7021,2021,Tr Klamath-Siskiyou Lower Montane Serpentine Mixed Conifer Woodland,Tree,Conifer,645,Western Red-cedar-Western Hemlock Forest,SAF 231: Port Orford-Cedar,Tree-dominated,Open tree canopy,Evergreen open tree canopy,42,255,31,0.164706,1,0.121569
10,7022,34913,Klamath-Siskiyou Upper Montane Serpentine Mixed Conifer Woodland,7022,2022,Tr Klamath-Siskiyou Upper Montane Serpentine Mixed Conifer Woodland,Tree,Conifer,645,Western Red-cedar-Western Hemlock Forest,SAF 248: Knobcone Pine,Tree-dominated,Open tree canopy,Evergreen open tree canopy,224,252,192,0.878431,0.988235,0.752941
11,7025,190,Madrean Pinyon-Juniper Woodland,7025,2025,Tr Madrean Pinyon-Juniper Woodland,Tree,Conifer,630,Pinyon-Juniper Woodland,SRM 504: Juniper-Pinyon Pine Woodland,Tree-dominated,Open tree canopy,Evergreen open tree canopy,121,255,94,0.47451,1,0.368627
12,7027,12530012,Mediterranean California Dry-Mesic Mixed Conifer Forest and Woodland,7027,2027,Tr Mediterranean California Dry-Mesic Mixed Conifer Forest and Woodland,Tree,Conifer,625,Douglas-fir-Ponderosa Pine-Lodgepole Pine Forest and Woodland,SAF 243: Sierra Nevada Mixed Conifer,Tree-dominated,Open tree canopy,Evergreen open tree canopy,0,222,0,0,0.870588,0
13,7028,19269503,Mediterranean California Mesic Mixed Conifer Forest and Woodland,7028,2028,Tr Mediterranean California Mesic Mixed Conifer Forest and Woodland,Tree,Conifer,643,Douglas-fir-Grand Fir-White Fir Forest and Woodland,SAF 211: White Fir,Tree-dominated,Closed tree canopy,Evergreen closed tree canopy,0,204,0,0,0.8,0
14,7029,5281555,Mediterranean California Mixed Oak Woodland,7029,2029,Tr Mediterranean California Mixed Oak Woodland,Tree,Hardwood,629,Western Oak Woodland and Savanna,SAF 246: California Black Oak,Tree-dominated,Open tree canopy,Mixed evergreen-deciduous open tree canopy,0,189,0,0,0.741176,0
15,7030,6540189,Mediterranean California Lower Montane Conifer Forest and Woodland,7030,2030,Tr Mediterranean California Lower Montane Conifer Forest and Woodland,Tree,Conifer,610,Conifer-Oak Forest and Woodland,SAF 246: California Black Oak,Tree-dominated,Open tree canopy,Evergreen open tree canopy,0,189,0,0,0.741176,0
16,7031,4798507,California Montane Jeffrey Pine-(Ponderosa Pine) Woodland,7031,2031,Tr California Montane Jeffrey Pine(-Ponderosa Pine) Woodland,Tree,Conifer,631,"Ponderosa Pine Forest, Woodland and Savanna",SAF 247: Jeffrey Pine,Tree-dominated,Open tree canopy,Evergreen open tree canopy,0,173,0,0,0.678431,0
17,7032,6145225,Mediterranean California Red Fir Forest,7032,2032,Tr Mediterranean California Red Fir Forest,Tree,Conifer,633,Red Fir Forest and Woodland,SAF 207: Red Fir,Tree-dominated,Open tree canopy,Evergreen open tree canopy,0,158,0,0,0.619608,0
18,7033,1366238,Mediterranean California Subalpine Woodland,7033,2033,Tr Mediterranean California Subalpine Woodland,Tree,Conifer,640,Subalpine Woodland and Parkland,SAF 256: California Mixed Subalpine,Tree-dominated,Open tree canopy,Evergreen open tree canopy,0,145,0,0,0.568627,0
19,7034,64023,Mediterranean California Mesic Serpentine Woodland,7034,2034,Tr Mediterranean California Mesic Serpentine Woodland and Chaparral,Tree,Conifer,607,Chaparral,SAF 248: Knobcone Pine,Tree-dominated,Open tree canopy,Evergreen open tree canopy,224,252,192,0.878431,0.988235,0.752941
20,7035,4,North Pacific Dry Douglas-fir-(Madrone) Forest and Woodland,7035,2035,Tr North Pacific Dry Douglas-fir(-Madrone) Forest and Woodland,Tree,Conifer,614,Douglas-fir Forest and Woodland,SAF 229: Pacific Douglas-Fir,Tree-dominated,Closed tree canopy,Evergreen closed tree canopy,0,130,0,0,0.509804,0
21,7037,5475,North Pacific Maritime Dry-Mesic Douglas-fir-Western Hemlock Forest,7037,2037,Tr North Pacific Maritime Dry-Mesic Douglas-fir-Western Hemlock Forest,Tree,Conifer,615,Douglas-fir-Western Hemlock Forest and Woodland,SAF 230: Douglas-Fir-Western Hemlock,Tree-dominated,Closed tree canopy,Evergreen closed tree canopy,0,105,0,0,0.411765,0
22,7039,4,North Pacific Maritime Mesic-Wet Douglas-fir-Western Hemlock Forest,7039,2039,Tr North Pacific Maritime Mesic-Wet Douglas-fir-Western Hemlock Forest,Tree,Conifer,615,Douglas-fir-Western Hemlock Forest and Woodland,SAF 230: Douglas-Fir-Western Hemlock,Tree-dominated,Closed tree canopy,Evergreen closed tree canopy,0,105,0,0,0.411765,0
23,7041,9741,North Pacific Mountain Hemlock Forest,7041,2041,Tr North Pacific Mountain Hemlock Forest,Tree,Conifer,627,Mountain Hemlock Forest and Woodland,SAF 205: Mountain Hemlock,Tree-dominated,Closed tree canopy,Evergreen closed tree canopy,0,92,0,0,0.360784,0
24,7042,2,North Pacific Mesic Western Hemlock-Silver Fir Forest,7042,2042,Tr North Pacific Mesic Western Hemlock-Silver Fir Forest,Tree,Conifer,642,Western Hemlock-Silver Fir Forest,SAF 226: Coastal True Fir-Hemlock,Tree-dominated,Closed tree canopy,Evergreen closed tree canopy,0,71,0,0,0.278431,0
25,7043,15578056,Mediterranean California Mixed Evergreen Forest,7043,2043,Tr Mediterranean California Mixed Evergreen Forest,Tree,Conifer,626,California Mixed Evergreen Forest and Woodland,SAF 234: Douglas-Fir-Tanoak-Pacific Madrone,Tree-dominated,Closed tree canopy,Evergreen closed tree canopy,0,61,0,0,0.239216,0
26,7044,2230591,Northern California Mesic Subalpine Woodland,7044,2044,Tr Northern California Mesic Subalpine Woodland,Tree,Conifer,627,Mountain Hemlock Forest and Woodland,SAF 205: Mountain Hemlock,Tree-dominated,Open tree canopy,Evergreen open tree canopy,0,92,0,0,0.360784,0
27,7045,473,Northern Rocky Mountain Dry-Mesic Montane Mixed Conifer Forest,7045,2045,Tr Northern Rocky Mountain Dry-Mesic Montane Mixed Conifer Forest,Tree,Conifer,625,Douglas-fir-Ponderosa Pine-Lodgepole Pine Forest and Woodland,SAF 210: Interior Douglas-Fir,Tree-dominated,Closed tree canopy,Evergreen closed tree canopy,0,51,0,0,0.2,0
28,7051,67724,Southern Rocky Mountain Dry-Mesic Montane Mixed Conifer Forest and Woodland,7051,2051,Tr Southern Rocky Mountain Dry-Mesic Montane Mixed Conifer Forest and Woodland,Tree,Conifer,625,Douglas-fir-Ponderosa Pine-Lodgepole Pine Forest and Woodland,SAF 210: Interior Douglas-Fir,Tree-dominated,Closed tree canopy,Evergreen closed tree canopy,0,51,0,0,0.2,0
29,7053,106788,Northern Rocky Mountain Ponderosa Pine Woodland and Savanna,7053,2053,Tr Northern Rocky Mountain Ponderosa Pine Woodland and Savanna,Tree,Conifer,631,"Ponderosa Pine Forest, Woodland and Savanna",SAF 237: Interior Ponderosa Pine,Tree-dominated,Open tree canopy,Evergreen open tree canopy,214,255,181,0.839216,1,0.709804
30,7054,15254,Southern Rocky Mountain Ponderosa Pine Woodland,7054,2054,Tr Southern Rocky Mountain Ponderosa Pine Woodland,Tree,Conifer,631,"Ponderosa Pine Forest, Woodland and Savanna",SAF 237: Interior Ponderosa Pine,Tree-dominated,Open tree canopy,Evergreen open tree canopy,214,255,181,0.839216,1,0.709804
31,7055,17684,Rocky Mountain Subalpine Dry-Mesic Spruce-Fir Forest and Woodland,7055,2055,Tr Rocky Mountain Subalpine Dry-Mesic Spruce-Fir Forest and Woodland,Tree,Conifer,639,Spruce-Fir Forest and Woodland,SAF 206: Engelmann Spruce-Subalpine Fir,Tree-dominated,Closed tree canopy,Evergreen closed tree canopy,236,252,204,0.92549,0.988235,0.8
32,7058,2301395,Sierra Nevada Subalpine Lodgepole Pine Forest and Woodland,7058,2058,Tr Sierra Nevada Subalpine Lodgepole Pine Forest and Woodland,Tree,Conifer,622,Lodgepole Pine Forest and Woodland,SAF 218: Lodgepole Pine,Tree-dominated,Closed tree canopy,Evergreen closed tree canopy,163,240,219,0.639216,0.941176,0.858824
33,7061,17590,Inter-Mountain Basins Aspen-Mixed Conifer Forest and Woodland,7061,2061,Tr Inter-Mountain Basins Aspen-Mixed Conifer Forest and Woodland,Tree,Conifer-Hardwood,603,Aspen-Mixed Conifer Forest and Woodland,SAF 217: Aspen,Tree-dominated,Open tree canopy,Mixed evergreen-deciduous open tree canopy,192,255,138,0.752941,1,0.541176
34,7062,606385,Inter-Mountain Basins Curl-leaf Mountain Mahogany Woodland,7062,2062,Tr Inter-Mountain Basins Curl-leaf Mountain Mahogany Woodland and Shrubland,Tree,Conifer,628,Mountain Mahogany Woodland and Shrubland,SRM 415: Curlleaf Mountain-Mahogany,Tree-dominated,Open tree canopy,Evergreen open tree canopy,155,235,216,0.607843,0.921569,0.847059
35,7065,18,Columbia Plateau Scabland Shrubland,7065,2065,Sh Columbia Plateau Scabland Shrubland,Shrub,Shrubland,613,Desert Scrub,SRM 106: Bluegrass Scabland,Shrub-dominated,Dwarf-shrubland,Evergreen dwarf-shrubland,199,176,129,0.780392,0.690196,0.505882
36,7067,3679,Mediterranean California Alpine Fell-Field,7067,2067,Sh Mediterranean California Alpine Fell-Field,Shrub,Shrubland,601,"Alpine Dwarf-Shrubland, Fell-field and Meadow",SRM 213: Alpine Grassland,Shrub-dominated,Dwarf-shrubland,Mixed evergreen-deciduous dwarf-shrubland,255,211,119,1,0.827451,0.466667
37,7071,1228996,Sierra Nevada Alpine Dwarf-Shrubland,7071,2071,Sh Sierra Nevada Alpine Dwarf-Shrubland,Shrub,Shrubland,601,"Alpine Dwarf-Shrubland, Fell-field and Meadow",SRM 213: Alpine Grassland,Shrub-dominated,Dwarf-shrubland,Evergreen dwarf-shrubland,255,211,119,1,0.827451,0.466667
38,7079,3541055,Great Basin Xeric Mixed Sagebrush Shrubland,7079,2079,Sh Great Basin Xeric Mixed Sagebrush Shrubland,Shrub,Shrubland,623,Low Sagebrush Shrubland and Steppe,SRM 406: Low Sagebrush,Shrub-dominated,Shrubland,Mixed evergreen-deciduous shrubland,135,106,76,0.529412,0.415686,0.298039
39,7080,11602045,Inter-Mountain Basins Big Sagebrush Shrubland,7080,2080,Sh Inter-Mountain Basins Big Sagebrush Shrubland,Shrub,Shrubland,604,Big Sagebrush Shrubland and Steppe,SRM 403: Wyoming Big Sagebrush,Shrub-dominated,Shrubland,Evergreen shrubland,130,101,72,0.509804,0.396078,0.282353
40,7081,1485695,Inter-Mountain Basins Mixed Salt Desert Scrub,7081,2081,Sh Inter-Mountain Basins Mixed Salt Desert Scrub,Shrub,Shrubland,636,Salt Desert Scrub,SRM 414: Salt Desert Shrub,Shrub-dominated,Shrubland,Evergreen shrubland,156,128,92,0.611765,0.501961,0.360784
41,7082,30836416,Mojave Mid-Elevation Mixed Desert Scrub,7082,2082,Sh Mojave Mid-Elevation Mixed Desert Scrub,Shrub,Shrubland,613,Desert Scrub,SRM 212: Blackbush,Shrub-dominated,Shrubland,Mixed evergreen-deciduous shrubland,140,112,80,0.54902,0.439216,0.313725
42,7083,8,North Pacific Avalanche Chute Shrubland,7083,2083,Sh North Pacific Avalanche Chute Shrubland,Shrub,Shrubland,612,Deciduous Shrubland,LF 41: Deciduous Shrubland,Shrub-dominated,Shrubland,Mixed evergreen-deciduous shrubland,128,97,69,0.501961,0.380392,0.270588
43,7084,309499,North Pacific Montane Shrubland,7084,2084,Sh North Pacific Montane Shrubland,Shrub,Shrubland,612,Deciduous Shrubland,LF 41: Deciduous Shrubland,Shrub-dominated,Shrubland,Mixed evergreen-deciduous shrubland,128,97,69,0.501961,0.380392,0.270588
44,7086,164657,Rocky Mountain Lower Montane-Foothill Shrubland,7086,2086,Sh Rocky Mountain Lower Montane-Foothill Shrubland,Shrub,Shrubland,612,Deciduous Shrubland,SRM 421: Chokecherry-Serviceberry-Rose,Shrub-dominated,Shrubland,Mixed evergreen-deciduous shrubland,117,87,61,0.458824,0.341176,0.239216
45,7087,54430790,Sonora-Mojave Creosotebush-White Bursage Desert Scrub,7087,2087,Sh Sonora-Mojave Creosotebush-White Bursage Desert Scrub,Shrub,Shrubland,611,Creosotebush Desert Scrub,SRM 506: Creosotebush-Bursage,Shrub-dominated,Shrubland,Mixed evergreen-deciduous shrubland,161,134,96,0.631373,0.52549,0.376471
46,7088,2810509,Sonora-Mojave Mixed Salt Desert Scrub,7088,2088,Sh Sonora-Mojave Mixed Salt Desert Scrub,Shrub,Shrubland,636,Salt Desert Scrub,SRM 414: Salt Desert Shrub,Shrub-dominated,Shrubland,Evergreen shrubland,156,128,92,0.611765,0.501961,0.360784
47,7090,44426,Sonoran Granite Outcrop Desert Scrub,7090,2090,Sh Sonoran Granite Outcrop Desert Scrub,Shrub,Shrubland,613,Desert Scrub,SRM 506: Creosotebush-Bursage,Shrub-dominated,Shrubland,Mixed evergreen-deciduous shrubland,161,134,96,0.631373,0.52549,0.376471
48,7091,2295,Sonoran Mid-Elevation Desert Scrub,7091,2091,Sh Sonoran Mid-Elevation Desert Scrub,Shrub,Shrubland,613,Desert Scrub,SRM 506: Creosotebush-Bursage,Shrub-dominated,Shrubland,Mixed evergreen-deciduous shrubland,161,134,96,0.631373,0.52549,0.376471
49,7092,6752224,Southern California Coastal Scrub,7092,2092,Sh Southern California Coastal Scrub,Shrub,Shrubland,609,Pacific Coastal Scrub,SRM 205: Coastal Sage Shrub,Shrub-dominated,Shrubland,Evergreen shrubland,166,139,107,0.65098,0.545098,0.419608
50,7096,67996,California Maritime Chaparral,7096,2096,Sh California Maritime Chaparral,Shrub,Shrubland,607,Chaparral,SRM 208: Ceanothus Mixed Chaparral,Shrub-dominated,Shrubland,Evergreen shrubland,107,77,54,0.419608,0.301961,0.211765
51,7097,2126670,California Mesic Chaparral,7097,2097,Sh California Mesic Chaparral,Shrub,Shrubland,607,Chaparral,SRM 207: Scrub Oak Mixed Chaparral,Shrub-dominated,Shrubland,Evergreen shrubland,59,30,19,0.231373,0.117647,0.07451
52,7098,12414671,California Montane Woodland and Chaparral,7098,2098,Sh California Montane Woodland and Chaparral,Shrub,Shrubland,607,Chaparral,SRM 209: Montane Shrubland,Shrub-dominated,Shrubland,Evergreen shrubland,66,37,24,0.258824,0.145098,0.094118
53,7099,130867,California Xeric Serpentine Chaparral,7099,2099,Sh California Xeric Serpentine Chaparral,Shrub,Shrubland,607,Chaparral,SRM 209: Montane Shrubland,Shrub-dominated,Shrubland,Evergreen shrubland,66,37,24,0.258824,0.145098,0.094118
54,7103,266014,Great Basin Semi-Desert Chaparral,7103,2103,Sh Great Basin Semi-Desert Chaparral,Shrub,Shrubland,607,Chaparral,SRM 503: Arizona Chaparral,Shrub-dominated,Shrubland,Evergreen shrubland,89,59,40,0.34902,0.231373,0.156863
55,7104,18,Mogollon Chaparral,7104,2104,Sh Mogollon Chaparral,Shrub,Shrubland,607,Chaparral,SRM 503: Arizona Chaparral,Shrub-dominated,Shrubland,Evergreen shrubland,89,59,40,0.34902,0.231373,0.156863
56,7105,23943234,Northern and Central California Dry-Mesic Chaparral,7105,2105,Sh Northern and Central California Dry-Mesic Chaparral,Shrub,Shrubland,607,Chaparral,SRM 206: Chamise Chaparral,Shrub-dominated,Shrubland,Evergreen shrubland,99,69,47,0.388235,0.270588,0.184314
57,7106,1511,Northern Rocky Mountain Montane-Foothill Deciduous Shrubland,7106,2106,Sh Northern Rocky Mountain Montane-Foothill Deciduous Shrubland,Shrub,Shrubland,612,Deciduous Shrubland,SRM 421: Chokecherry-Serviceberry-Rose,Shrub-dominated,Shrubland,Mixed evergreen-deciduous shrubland,117,87,61,0.458824,0.341176,0.239216
58,7107,32470,Rocky Mountain Gambel Oak-Mixed Montane Shrubland,7107,2107,Sh Rocky Mountain Gambel Oak-Mixed Montane Shrubland,Shrub,Shrubland,612,Deciduous Shrubland,SRM 413: Gambel oak,Shrub-dominated,Shrubland,Mixed evergreen-deciduous shrubland,245,175,54,0.960784,0.686275,0.211765
59,7108,1175486,Sonora-Mojave Semi-Desert Chaparral,7108,2108,Sh Sonora-Mojave Semi-Desert Chaparral,Shrub,Shrubland,607,Chaparral,SRM 503: Arizona Chaparral,Shrub-dominated,Shrubland,Evergreen shrubland,89,59,40,0.34902,0.231373,0.156863
60,7109,5994332,Sonoran Paloverde-Mixed Cacti Desert Scrub,7109,2109,Sh Sonoran Paloverde-Mixed Cacti Desert Scrub,Shrub,Shrubland,613,Desert Scrub,SRM 507: Palo Verde-Cactus,Shrub-dominated,Shrubland,Mixed evergreen-deciduous shrubland,242,168,48,0.94902,0.658824,0.188235
61,7110,13179292,Southern California Dry-Mesic Chaparral,7110,2110,Sh Southern California Dry-Mesic Chaparral,Shrub,Shrubland,607,Chaparral,SRM 206: Chamise Chaparral,Shrub-dominated,Shrubland,Evergreen shrubland,99,69,47,0.388235,0.270588,0.184314
62,7112,349758,California Central Valley Mixed Oak Savanna,7112,2112,Tr California Central Valley Mixed Oak Savanna,Tree,Hardwood,629,Western Oak Woodland and Savanna,SRM 201: Blue Oak Woodland,Tree-dominated,Sparse tree canopy,Deciduous sparse tree canopy,138,227,212,0.541176,0.890196,0.831373
63,7113,3845703,California Coastal Live Oak Woodland and Savanna,7113,2113,Tr California Coastal Live Oak Woodland and Savanna,Tree,Hardwood,629,Western Oak Woodland and Savanna,SAF 255: California Coast Live Oak,Tree-dominated,Sparse tree canopy,Evergreen sparse tree canopy,131,222,110,0.513725,0.870588,0.431373
64,7114,6890379,California Lower Montane Foothill Pine Woodland and Savanna,7114,2114,Tr California Lower Montane Foothill Pine Woodland and Savanna,Tree,Conifer,610,Conifer-Oak Forest and Woodland,SAF 250: Blue Oak-Digger Pine,Tree-dominated,Sparse tree canopy,Evergreen sparse tree canopy,121,217,207,0.47451,0.85098,0.811765
65,7118,1415244,Southern California Oak Woodland and Savanna,7118,2118,Tr Southern California Oak Woodland and Savanna,Tree,Hardwood,629,Western Oak Woodland and Savanna,SAF 255: California Coast Live Oak,Tree-dominated,Sparse tree canopy,Mixed evergreen-deciduous sparse tree canopy,131,222,110,0.513725,0.870588,0.431373
66,7123,1066482,Columbia Plateau Steppe and Grassland,7123,2123,He Columbia Plateau Steppe and Grassland,Herb,Grassland,618,Grassland and Steppe,SRM 106: Bluegrass Scabland,Herbaceous / Nonvascular-dominated,Herbaceous - shrub-steppe,Perennial graminoid steppe,199,176,129,0.780392,0.690196,0.505882
67,7124,3629389,Columbia Plateau Low Sagebrush Steppe,7124,2124,Sh Columbia Plateau Low Sagebrush Steppe,Shrub,Shrubland,623,Low Sagebrush Shrubland and Steppe,SRM 406: Low Sagebrush,Shrub-dominated,Shrubland,Mixed evergreen-deciduous shrubland,135,106,76,0.529412,0.415686,0.298039
68,7125,385784,Inter-Mountain Basins Big Sagebrush Steppe,7125,2125,Sh Inter-Mountain Basins Big Sagebrush Steppe,Shrub,Shrubland,604,Big Sagebrush Shrubland and Steppe,SRM 314: Big Sagebrush-Bluebunch Wheatgrass,Shrub-dominated,Shrubland,Mixed evergreen-deciduous shrubland,230,151,41,0.901961,0.592157,0.160784
69,7126,7111202,Inter-Mountain Basins Montane Sagebrush Steppe,7126,2126,Sh Inter-Mountain Basins Montane Sagebrush Steppe,Shrub,Shrubland,604,Big Sagebrush Shrubland and Steppe,SRM 402: Mountain Big Sagebrush,Shrub-dominated,Shrubland,Mixed evergreen-deciduous shrubland,219,140,37,0.858824,0.54902,0.145098
70,7127,767509,Inter-Mountain Basins Semi-Desert Shrub-Steppe,7127,2127,Sh Inter-Mountain Basins Semi-Desert Shrub-Steppe,Shrub,Shrubland,613,Desert Scrub,SRM 403: Wyoming Big Sagebrush,Shrub-dominated,Shrubland,Mixed evergreen-deciduous shrubland,130,101,72,0.509804,0.396078,0.282353
71,7128,857660,Northern California Coastal Scrub,7128,2128,Sh Northern California Coastal Scrub,Shrub,Shrubland,609,Pacific Coastal Scrub,SRM 204: Northern Coastal Shrub,Shrub-dominated,Shrubland,Mixed evergreen-deciduous shrubland,201,116,30,0.788235,0.454902,0.117647
72,7129,2700371,California Central Valley and Southern Coastal Grassland,7129,2129,He California Central Valley and Southern Coastal Grassland,Herb,Grassland,617,Grassland,SRM 215: Valley Grassland,Herbaceous / Nonvascular-dominated,Herbaceous - grassland,Perennial graminoid grassland,255,235,153,1,0.921569,0.6
73,7130,7992,California Mesic Serpentine Grassland,7130,2130,He California Mesic Serpentine Grassland,Herb,Grassland,617,Grassland,SRM 215: Valley Grassland,Herbaceous / Nonvascular-dominated,Herbaceous - grassland,Perennial graminoid grassland,255,235,153,1,0.921569,0.6
74,7131,923618,California Northern Coastal Grassland,7131,2131,He California Northern Coastal Grassland,Herb,Grassland,617,Grassland,SRM 214: Coastal Prairie,Herbaceous / Nonvascular-dominated,Herbaceous - grassland,Perennial graminoid grassland,255,248,148,1,0.972549,0.580392
75,7135,233887,Inter-Mountain Basins Semi-Desert Grassland,7135,2135,He Inter-Mountain Basins Semi-Desert Grassland,Herb,Grassland,617,Grassland,SRM 502: Grama-Galetta,Herbaceous / Nonvascular-dominated,Herbaceous - grassland,Perennial graminoid grassland,255,200,125,1,0.784314,0.490196
76,7136,36096,Mediterranean California Alpine Dry Tundra,7136,2136,He Mediterranean California Alpine Dry Tundra,Herb,Grassland,616,Dry Tundra,SRM 213: Alpine Grassland,Herbaceous / Nonvascular-dominated,Herbaceous - grassland,Perennial graminoid grassland,255,211,119,1,0.827451,0.466667
77,7137,2954386,Mediterranean California Subalpine Meadow,7137,2137,He Mediterranean California Subalpine Meadow,Herb,Grassland,601,"Alpine Dwarf-Shrubland, Fell-field and Meadow",SRM 216: Montane Meadows,Herbaceous / Nonvascular-dominated,Herbaceous - grassland,Perennial graminoid grassland,255,205,112,1,0.803922,0.439216
78,7138,6,North Pacific Montane Grassland,7138,2138,He North Pacific Montane Grassland,Herb,Grassland,617,Grassland,SRM 102: Idaho Fescue,Herbaceous / Nonvascular-dominated,Herbaceous - grassland,Perennial graminoid grassland,255,198,107,1,0.776471,0.419608
79,7144,15522,Rocky Mountain Alpine Turf,7144,2144,He Rocky Mountain Alpine Turf,Herb,Grassland,616,Dry Tundra,SRM 410: Alpine Rangeland,Herbaceous / Nonvascular-dominated,Herbaceous - grassland,Perennial graminoid grassland,171,145,106,0.670588,0.568627,0.415686
80,7145,30347,Rocky Mountain Subalpine-Montane Mesic Meadow,7145,2145,He Rocky Mountain Subalpine-Montane Mesic Meadow,Herb,Grassland,601,"Alpine Dwarf-Shrubland, Fell-field and Meadow",SRM 409: Tall Forb,Herbaceous / Nonvascular-dominated,Herbaceous - grassland,Perennial graminoid grassland,255,163,82,1,0.639216,0.321569
81,7146,56765,Southern Rocky Mountain Montane-Subalpine Grassland,7146,2146,He Southern Rocky Mountain Montane-Subalpine Grassland,Herb,Grassland,617,Grassland,SRM 410: Alpine Rangeland,Herbaceous / Nonvascular-dominated,Herbaceous - grassland,Perennial graminoid grassland,171,145,106,0.670588,0.568627,0.415686
82,7151,322560,California Central Valley Riparian Woodland,7151,2151,Tr California Central Valley Riparian Woodland and Shrubland,Tree,Riparian,635,Western Riparian Woodland and Shrubland,SRM 203: Riparian Woodland,Tree-dominated,Open tree canopy,Deciduous open tree canopy,81,180,141,0.317647,0.705882,0.552941
83,7152,235108,California Central Valley Riparian Shrubland,7151,2151,Tr California Central Valley Riparian Woodland and Shrubland,Shrub,Riparian,635,Western Riparian Woodland and Shrubland,SRM 203: Riparian Woodland,Shrub-dominated,Shrubland,Deciduous shrubland,81,180,141,0.317647,0.705882,0.552941
84,7153,1464429,Inter-Mountain Basins Greasewood Flat,7153,2153,Sh Inter-Mountain Basins Greasewood Flat,Shrub,Shrubland,619,Greasewood Shrubland,SRM 501: Saltbush-Greasewood,Shrub-dominated,Shrubland,Evergreen shrubland,194,170,126,0.760784,0.666667,0.494118
85,7156,78556,North Pacific Lowland Riparian Forest,7156,2156,Tr North Pacific Lowland Riparian Forest and Shrubland,Tree,Riparian,632,Red Alder Forest and Woodland,SAF 222: Black Cottonwood-Willow,Tree-dominated,Open tree canopy,Mixed evergreen-deciduous open tree canopy,67,162,181,0.262745,0.635294,0.709804
86,7157,500624,North Pacific Lowland Riparian Shrubland,7156,2156,Tr North Pacific Lowland Riparian Forest and Shrubland,Shrub,Riparian,632,Red Alder Forest and Woodland,SAF 222: Black Cottonwood-Willow,Shrub-dominated,Shrubland,Mixed evergreen-deciduous shrubland,67,162,181,0.262745,0.635294,0.709804
87,7158,373543,North Pacific Montane Riparian Woodland,7158,2158,Tr North Pacific Montane Riparian Woodland and Shrubland,Tree,Riparian,635,Western Riparian Woodland and Shrubland,SAF 222: Black Cottonwood-Willow,Tree-dominated,Open tree canopy,Mixed evergreen-deciduous open tree canopy,67,162,181,0.262745,0.635294,0.709804
88,7159,35044,North Pacific Montane Riparian Shrubland,7158,2158,Tr North Pacific Montane Riparian Woodland and Shrubland,Shrub,Riparian,635,Western Riparian Woodland and Shrubland,SAF 222: Black Cottonwood-Willow,Shrub-dominated,Shrubland,Mixed evergreen-deciduous shrubland,67,162,181,0.262745,0.635294,0.709804
89,7170,8688,Klamath-Siskiyou Xeromorphic Serpentine Savanna,7170,2170,Tr Klamath-Siskiyou Xeromorphic Serpentine Savanna and Chaparral,Tree,Conifer,607,Chaparral,SAF 248: Knobcone Pine,Tree-dominated,Sparse tree canopy,Evergreen sparse tree canopy,224,252,192,0.878431,0.988235,0.752941
90,7171,1397,North Pacific Alpine and Subalpine Dry Grassland,7171,2171,He North Pacific Alpine and Subalpine Dry Grassland,Herb,Grassland,617,Grassland,SRM 103: Green Fescue,Herbaceous / Nonvascular-dominated,Herbaceous - grassland,Perennial graminoid grassland,255,114,48,1,0.447059,0.188235
91,7172,991967,Sierran-Intermontane Desert Western White Pine-White Fir Woodland,7172,2172,Tr Sierran-Intermontane Desert Western White Pine-White Fir Woodland,Tree,Conifer,643,Douglas-fir-Grand Fir-White Fir Forest and Woodland,SAF 211: White Fir,Tree-dominated,Open tree canopy,Evergreen open tree canopy,0,204,0,0,0.8,0
92,7173,343653,North Pacific Wooded Volcanic Flowage,7173,2173,Tr North Pacific Wooded Volcanic Flowage,Tree,Conifer,625,Douglas-fir-Ponderosa Pine-Lodgepole Pine Forest and Woodland,SAF 218: Lodgepole Pine,Tree-dominated,Open tree canopy,Evergreen open tree canopy,163,240,219,0.639216,0.941176,0.858824
93,7177,154479,California Coastal Closed-Cone Conifer Forest and Woodland,7177,2177,Tr California Coastal Closed-Cone Conifer Forest and Woodland,Tree,Conifer,610,Conifer-Oak Forest and Woodland,SAF 248: Knobcone Pine,Tree-dominated,Closed tree canopy,Evergreen closed tree canopy,224,252,192,0.878431,0.988235,0.752941
94,7234,97151,Mediterranean California Mesic Serpentine Chaparral,7034,2034,Tr Mediterranean California Mesic Serpentine Woodland and Chaparral,Shrub,Shrubland,607,Chaparral,SAF 248: Knobcone Pine,Shrub-dominated,Shrubland,Evergreen shrubland,224,252,192,0.878431,0.988235,0.752941
95,7260,430361,Mediterranean California Lower Montane Black Oak Forest and Woodland,7030,2260,Tr Mediterranean California Lower Montane Black Oak Forest and Woodland,Tree,Hardwood,610,Conifer-Oak Forest and Woodland,SAF 246: California Black Oak,Tree-dominated,Open tree canopy,Deciduous open tree canopy,0,189,0,0,0.741176,0
96,7261,737482,Mediterranean California Lower Montane Black Oak-Conifer Forest and Woodland,7030,2261,Tr Mediterranean California Lower Montane Black Oak - Conifer Forest and Woodland,Tree,Conifer-Hardwood,610,Conifer-Oak Forest and Woodland,SAF 246: California Black Oak,Tree-dominated,Open tree canopy,Mixed evergreen-deciduous open tree canopy,0,189,0,0,0.741176,0
97,7264,659837,California Lower Montane Blue Oak Woodland and Savanna,7114,2264,Tr California Lower Montane Blue Oak Forest and Woodland,Tree,Hardwood,610,Conifer-Oak Forest and Woodland,SAF 250: Blue Oak-Digger Pine,Tree-dominated,Sparse tree canopy,Deciduous sparse tree canopy,121,217,207,0.47451,0.85098,0.811765
98,7265,837509,California Lower Montane Blue Oak-Foothill Pine Woodland and Savanna,7114,2265,Tr California Lower Montane Blue Oak-Foothill Pine Forest and Woodland,Tree,Conifer-Hardwood,610,Conifer-Oak Forest and Woodland,SAF 250: Blue Oak-Digger Pine,Tree-dominated,Sparse tree canopy,Mixed evergreen-deciduous sparse tree canopy,121,217,207,0.47451,0.85098,0.811765
99,7270,328629,Klamath-Siskiyou Xeromorphic Serpentine Chaparral,7170,2170,Tr Klamath-Siskiyou Xeromorphic Serpentine Savanna and Chaparral,Shrub,Shrubland,607,Chaparral,SAF 248: Knobcone Pine,Shrub-dominated,Shrubland,Mixed evergreen-deciduous shrubland,224,252,192,0.878431,0.988235,0.752941
100,7292,19728453,Open Water,7292,11,Ba Open Water,Water,Open Water,11,Open Water,LF 11: Water,Non-vegetated,Non-vegetated,Non-vegetated,0,0,255,0,0,1
101,7295,552662,Quarries-Strip Mines-Gravel Pits-Well and Wind Pads,7295,32,Bab Quarries-Strip Mines-Gravel Pits-Well and Wind Pads,Barren,Quarries-Strip Mines-Gravel Pits-Well and Wind Pads,32,Quarries-Strip Mines-Gravel Pits-Well and Wind Pads,LF 20: Developed,Non-vegetated,Non-vegetated,Developed,230,232,250,0.901961,0.909804,0.980392
102,7296,5953036,Developed-Low Intensity,7296,2902,Bau Developed-Low Intensity,Developed,Developed-Low Intensity,22,Developed-Low Intensity,LF 20: Developed,No Dominant Lifeform,No Dominant Lifeform,Developed,255,122,143,1,0.478431,0.560784
103,7297,5114274,Developed-Medium Intensity,7297,2903,Bau Developed-Medium Intensity,Developed,Developed-Medium Intensity,23,Developed-Medium Intensity,LF 20: Developed,No Dominant Lifeform,No Dominant Lifeform,Developed,253,44,79,0.992157,0.172549,0.309804
104,7298,2157157,Developed-High Intensity,7298,2904,Bau Developed-High Intensity,Developed,Developed-High Intensity,24,Developed-High Intensity,LF 20: Developed,No Dominant Lifeform,No Dominant Lifeform,Developed,173,0,28,0.678431,0,0.109804
105,7299,19251259,Developed-Roads,7299,2905,Bau Developed-Roads,Developed,Developed-Roads,25,Developed-Roads,LF 20: Developed,No Dominant Lifeform,No Dominant Lifeform,Developed,1,1,1,0.003922,0.003922,0.003922
106,7662,2162594,Temperate Pacific Freshwater Emergent Marsh,7662,2662,He Temperate Pacific Freshwater Emergent Marsh,Herb,Riparian,765,Freshwater Marsh,SRM 909: Freshwater Marsh,Herbaceous / Nonvascular-dominated,Herbaceous - grassland,Perennial graminoid,255,153,0,1,0.6,0
107,7663,283,North Pacific Shrub Swamp,7663,2663,Sh North Pacific Shrub Swamp,Shrub,Shrubland,774,Shrub Swamp,SRM 917: Tall Shrub Swamp,Shrub-dominated,Shrubland,Deciduous shrubland,166,76,17,0.65098,0.298039,0.066667
108,7668,395539,Temperate Pacific Tidal Salt and Brackish Marsh,7668,2668,He Temperate Pacific Tidal Salt and Brackish Marsh,Herb,Riparian,780,Tidal Marsh,LF 50: Tidal Flats and Marshes,Herbaceous / Nonvascular-dominated,Herbaceous - grassland,Perennial graminoid,255,153,10,1,0.6,0.039216
109,7669,440420,Temperate Pacific Intertidal Flat,7669,2794,Sps Pacific Maritime Sparsely Vegetated,Sparse,Sparsely Vegetated,700,Sparse Vegetation,LF 33: Sparsely Vegetated,No Dominant Lifeform,Sparsely vegetated,Sparsely vegetated,100,100,100,0.392157,0.392157,0.392157
110,7733,277092,North Pacific Montane Massive Bedrock-Cliff and Talus,7733,2003,Sps North Pacific Sparsely Vegetated Systems,Sparse,Sparsely Vegetated,700,Sparse Vegetation,LF 33: Sparsely Vegetated,No Dominant Lifeform,Sparsely vegetated,Sparsely vegetated,100,100,100,0.392157,0.392157,0.392157
111,7734,2,North Pacific Alpine and Subalpine Bedrock and Scree,7734,2003,Sps North Pacific Sparsely Vegetated Systems,Sparse,Sparsely Vegetated,700,Sparse Vegetation,LF 33: Sparsely Vegetated,No Dominant Lifeform,Sparsely vegetated,Sparsely vegetated,100,100,100,0.392157,0.392157,0.392157
112,7735,45650,North American Glacier and Ice Field,7735,12,Ba Snow-Ice,Snow-Ice,Snow-Ice,12,Snow-Ice,LF 12: Snow-Ice,Non-vegetated,Non-vegetated,Non-vegetated,159,161,240,0.623529,0.631373,0.941176
113,7755,2885884,Agriculture-Cultivated Crops and Irrigated Agriculture,7755,82,Da Agriculture-Cultivated Crops and Irrigated Agriculture,Agriculture,Agricultural,82,Agriculture-Cultivated Crops and Irrigated Agriculture,LF 80: Agriculture,Herbaceous / Nonvascular-dominated,Herbaceous - grassland,Annual Graminoid/Forb,250,255,119,0.980392,1,0.466667
114,7900,152071,Western Cool Temperate Urban Deciduous Forest,7900,2913,Dtd Urban Deciduous Forest,Tree,Developed,13,Developed-Upland Deciduous Forest,LF 20: Developed,Tree-dominated,Open tree canopy,Deciduous open tree canopy,112,68,137,0.439216,0.266667,0.537255
115,7901,915927,Western Cool Temperate Urban Evergreen Forest,7901,2914,Dtc Urban Evergreen Forest,Tree,Developed,14,Developed-Upland Evergreen Forest,LF 20: Developed,Tree-dominated,Open tree canopy,Evergreen open tree canopy,170,102,205,0.666667,0.4,0.803922
116,7902,107469,Western Cool Temperate Urban Mixed Forest,7902,2915,Dtm Urban Mixed Deciduous-Evergreen Forest,Tree,Developed,15,Developed-Upland Mixed Forest,LF 20: Developed,Tree-dominated,Open tree canopy,Mixed evergreen-deciduous open tree canopy,194,158,215,0.760784,0.619608,0.843137
117,7903,229491,Western Cool Temperate Urban Herbaceous,7903,2916,Dgr Urban Herbaceous,Herb,Developed,16,Developed-Upland Herbaceous,LF 20: Developed,Herbaceous / Nonvascular-dominated,Herbaceous - grassland,Perennial graminoid,202,122,245,0.792157,0.478431,0.960784
118,7904,227633,Western Cool Temperate Urban Shrubland,7904,2917,Dsh Urban Shrubland,Shrub,Developed,17,Developed-Upland Shrubland,LF 20: Developed,Shrub-dominated,Shrubland,Mixed evergreen-deciduous shrubland,207,171,215,0.811765,0.670588,0.843137
119,7910,164963,Western Warm Temperate Urban Deciduous Forest,7910,2913,Dtd Urban Deciduous Forest,Tree,Developed,13,Developed-Upland Deciduous Forest,LF 20: Developed,Tree-dominated,Open tree canopy,Deciduous open tree canopy,112,68,137,0.439216,0.266667,0.537255
120,7911,237738,Western Warm Temperate Urban Evergreen Forest,7911,2914,Dtc Urban Evergreen Forest,Tree,Developed,14,Developed-Upland Evergreen Forest,LF 20: Developed,Tree-dominated,Open tree canopy,Evergreen open tree canopy,170,102,205,0.666667,0.4,0.803922
121,7912,128435,Western Warm Temperate Urban Mixed Forest,7912,2915,Dtm Urban Mixed Deciduous-Evergreen Forest,Tree,Developed,15,Developed-Upland Mixed Forest,LF 20: Developed,Tree-dominated,Open tree canopy,Mixed evergreen-deciduous open tree canopy,194,158,215,0.760784,0.619608,0.843137
122,7913,1246585,Western Warm Temperate Urban Herbaceous,7913,2916,Dgr Urban Herbaceous,Herb,Developed,16,Developed-Upland Herbaceous,LF 20: Developed,Herbaceous / Nonvascular-dominated,Herbaceous - grassland,Perennial graminoid,202,122,245,0.792157,0.478431,0.960784
123,7914,1098567,Western Warm Temperate Urban Shrubland,7914,2917,Dsh Urban Shrubland,Shrub,Developed,17,Developed-Upland Shrubland,LF 20: Developed,Shrub-dominated,Shrubland,Mixed evergreen-deciduous shrubland,207,171,215,0.811765,0.670588,0.843137
124,7920,15993,Western Cool Temperate Developed Deciduous Forest,7920,2908,Dtd Developed Deciduous Forest,Tree,Developed,13,Developed-Upland Deciduous Forest,LF 20: Developed,Tree-dominated,Open tree canopy,Deciduous open tree canopy,64,61,168,0.25098,0.239216,0.658824
125,7921,250302,Western Cool Temperate Developed Evergreen Forest,7921,2909,Dtc Developed Evergreen Forest,Tree,Developed,14,Developed-Upland Evergreen Forest,LF 20: Developed,Tree-dominated,Open tree canopy,Evergreen open tree canopy,102,119,205,0.4,0.466667,0.803922
126,7922,94222,Western Cool Temperate Developed Mixed Forest,7922,2910,Dtm Developed Mixed Deciduous-Evergreen Forest,Tree,Developed,15,Developed-Upland Mixed Forest,LF 20: Developed,Tree-dominated,Open tree canopy,Mixed evergreen-deciduous open tree canopy,68,79,137,0.266667,0.309804,0.537255
127,7923,190461,Western Cool Temperate Developed Shrubland,7923,2912,Dsh Developed Shrubland,Shrub,Developed,17,Developed-Upland Shrubland,LF 20: Developed,Shrub-dominated,Shrubland,Mixed evergreen-deciduous shrubland,122,142,245,0.478431,0.556863,0.960784
128,7924,240935,Western Cool Temperate Developed Herbaceous,7924,2911,Dgr Developed Herbaceous,Herb,Developed,16,Developed-Upland Herbaceous,LF 20: Developed,Herbaceous / Nonvascular-dominated,Herbaceous - grassland,Perennial graminoid,158,170,215,0.619608,0.666667,0.843137
129,7930,44807,Western Warm Temperate Developed Deciduous Forest,7930,2908,Dtd Developed Deciduous Forest,Tree,Developed,13,Developed-Upland Deciduous Forest,LF 20: Developed,Tree-dominated,Open tree canopy,Deciduous open tree canopy,64,61,168,0.25098,0.239216,0.658824
130,7931,251624,Western Warm Temperate Developed Evergreen Forest,7931,2909,Dtc Developed Evergreen Forest,Tree,Developed,14,Developed-Upland Evergreen Forest,LF 20: Developed,Tree-dominated,Open tree canopy,Evergreen open tree canopy,102,119,205,0.4,0.466667,0.803922
131,7932,90637,Western Warm Temperate Developed Mixed Forest,7932,2910,Dtm Developed Mixed Deciduous-Evergreen Forest,Tree,Developed,15,Developed-Upland Mixed Forest,LF 20: Developed,Tree-dominated,Open tree canopy,Mixed evergreen-deciduous open tree canopy,68,79,137,0.266667,0.309804,0.537255
132,7933,1238401,Western Warm Temperate Developed Shrubland,7933,2912,Dsh Developed Shrubland,Shrub,Developed,17,Developed-Upland Shrubland,LF 20: Developed,Shrub-dominated,Shrubland,Mixed evergreen-deciduous shrubland,122,142,245,0.478431,0.556863,0.960784
133,7934,876809,Western Warm Temperate Developed Herbaceous,7934,2911,Dgr Developed Herbaceous,Herb,Developed,16,Developed-Upland Herbaceous,LF 20: Developed,Herbaceous / Nonvascular-dominated,Herbaceous - grassland,Perennial graminoid,158,170,215,0.619608,0.666667,0.843137
134,7960,116284,Western Cool Temperate Orchard,7960,2960,Dab Orchard,Tree,Agricultural,60,Agricultural-Orchard,LF 80: Agriculture,Tree-dominated,Open tree canopy,Deciduous open tree canopy,210,28,94,0.823529,0.109804,0.368627
135,7961,808501,Western Cool Temperate Vineyard,7961,2961,Da Vineyard,Agriculture,Agricultural,61,Agricultural-Vineyard,LF 80: Agriculture,Shrub-dominated,Shrubland,Mixed evergreen-deciduous shrubland,168,0,132,0.658824,0,0.517647
136,7962,762,Western Cool Temperate Bush fruit and berries,7962,2962,Dab Bush Fruit and Berries,Shrub,Agricultural,62,Agricultural-Bush fruit and berries,LF 80: Agriculture,Shrub-dominated,Shrubland,Mixed evergreen-deciduous shrubland,210,28,119,0.823529,0.109804,0.466667
137,7963,27663,Western Cool Temperate Row Crop - Close Grown Crop,7963,2963,Da Row Crop - Close Grown Crop,Agriculture,Agricultural,63,Agricultural-Row Crop-Close Grown Crop,LF 80: Agriculture,Herbaceous / Nonvascular-dominated,Herbaceous - grassland,Annual Graminoid/Forb,255,245,140,1,0.960784,0.54902
138,7964,178108,Western Cool Temperate Row Crop,7964,2964,Da Row Crop,Agriculture,Agricultural,64,Agricultural-Row Crop,LF 80: Agriculture,Herbaceous / Nonvascular-dominated,Herbaceous - grassland,Annual Graminoid/Forb,250,255,119,0.980392,1,0.466667
139,7965,1215495,Western Cool Temperate Close Grown Crop,7965,2965,Da Close Grown Crop,Agriculture,Agricultural,65,Agricultural-Close Grown Crop,LF 80: Agriculture,Herbaceous / Nonvascular-dominated,Herbaceous - grassland,Annual Graminoid/Forb,255,237,119,1,0.929412,0.466667
140,7966,481111,Western Cool Temperate Fallow/Idle Cropland,7966,2966,Dab Fallow/Idle Cropland,Herb,Agricultural,66,Agricultural-Fallow/Idle Cropland,LF 80: Agriculture,Herbaceous / Nonvascular-dominated,Herbaceous - grassland,Annual Graminoid/Forb,255,255,119,1,1,0.466667
141,7967,4190808,Western Cool Temperate Pasture and Hayland,7967,2967,Dab Pasture and Hayland,Herb,Agricultural,67,Agricultural-Pasture and Hayland,LF 80: Agriculture,Herbaceous / Nonvascular-dominated,Herbaceous - grassland,Annual Graminoid/Forb,227,212,28,0.890196,0.831373,0.109804
142,7968,222909,Western Cool Temperate Wheat,7968,2968,Da Wheat,Agriculture,Agricultural,68,Agricultural-Wheat,LF 80: Agriculture,Herbaceous / Nonvascular-dominated,Herbaceous - grassland,Annual Graminoid/Forb,250,227,163,0.980392,0.890196,0.639216
143,7980,15376664,Western Warm Temperate Orchard,7980,2960,Dab Orchard,Tree,Agricultural,60,Agricultural-Orchard,LF 80: Agriculture,Tree-dominated,Open tree canopy,Deciduous open tree canopy,210,28,94,0.823529,0.109804,0.368627
144,7981,2992656,Western Warm Temperate Vineyard,7981,2961,Da Vineyard,Agriculture,Agricultural,61,Agricultural-Vineyard,LF 80: Agriculture,Shrub-dominated,Shrubland,Mixed evergreen-deciduous shrubland,168,0,132,0.658824,0,0.517647
145,7982,86231,Western Warm Temperate Bush fruit and berries,7982,2962,Dab Bush Fruit and Berries,Shrub,Agricultural,62,Agricultural-Bush fruit and berries,LF 80: Agriculture,Shrub-dominated,Shrubland,Mixed evergreen-deciduous shrubland,210,28,119,0.823529,0.109804,0.466667
146,7983,249243,Western Warm Temperate Row Crop - Close Grown Crop,7983,2963,Da Row Crop - Close Grown Crop,Agriculture,Agricultural,63,Agricultural-Row Crop-Close Grown Crop,LF 80: Agriculture,Herbaceous / Nonvascular-dominated,Herbaceous - grassland,Annual Graminoid/Forb,255,245,140,1,0.960784,0.54902
147,7984,9721151,Western Warm Temperate Row Crop,7984,2964,Da Row Crop,Agriculture,Agricultural,64,Agricultural-Row Crop,LF 80: Agriculture,Herbaceous / Nonvascular-dominated,Herbaceous - grassland,Annual Graminoid/Forb,250,255,119,0.980392,1,0.466667
148,7985,2684536,Western Warm Temperate Close Grown Crop,7985,2965,Da Close Grown Crop,Agriculture,Agricultural,65,Agricultural-Close Grown Crop,LF 80: Agriculture,Herbaceous / Nonvascular-dominated,Herbaceous - grassland,Annual Graminoid/Forb,255,237,119,1,0.929412,0.466667
149,7986,6085178,Western Warm Temperate Fallow/Idle Cropland,7986,2966,Dab Fallow/Idle Cropland,Herb,Agricultural,66,Agricultural-Fallow/Idle Cropland,LF 80: Agriculture,Herbaceous / Nonvascular-dominated,Herbaceous - grassland,Annual Graminoid/Forb,255,255,119,1,1,0.466667
150,7987,3719707,Western Warm Temperate Pasture and Hayland,7987,2967,Dab Pasture and Hayland,Herb,Agricultural,67,Agricultural-Pasture and Hayland,LF 80: Agriculture,Herbaceous / Nonvascular-dominated,Herbaceous - grassland,Annual Graminoid/Forb,227,212,28,0.890196,0.831373,0.109804
151,7988,1153334,Western Warm Temperate Wheat,7988,2968,Da Wheat,Agriculture,Agricultural,68,Agricultural-Wheat,LF 80: Agriculture,Herbaceous / Nonvascular-dominated,Herbaceous - grassland,Annual Graminoid/Forb,250,227,163,0.980392,0.890196,0.639216
152,7989,8975,Western Warm Temperate Aquaculture,7989,2969,Da Aquaculture,Agriculture,Agricultural,69,Agricultural-Aquaculture,LF 80: Agriculture,Herbaceous / Nonvascular-dominated,Herbaceous - grassland,Annual Graminoid/Forb,210,255,237,0.823529,1,0.929412
153,9003,36654,Great Basin Foothill and Lower Montane Riparian Woodland,9003,2154,Tr Inter-Mountain Basins Montane Riparian Systems,Tree,Riparian,635,Western Riparian Woodland and Shrubland,SAF 235: Cottonwood-Willow,Tree-dominated,Open tree canopy,Mixed evergreen-deciduous open tree canopy,73,171,186,0.286275,0.670588,0.729412
154,9004,4784,Inter-Mountain Basins Active and Stabilized Dune,9004,2001,Sps Inter-Mountain Basins Sparsely Vegetated Systems,Sparse,Sparsely Vegetated,700,Sparse Vegetation,LF 33: Sparsely Vegetated,No Dominant Lifeform,Sparsely vegetated,Sparsely vegetated,100,100,100,0.392157,0.392157,0.392157
155,9005,148924,Inter-Mountain Basins Alkaline Closed Depression,9005,2224,He Inter-Mountain Basins Alkaline Closed Depression,Herb,Riparian,650,Depressional Wetland,LF 56: Western Herbaceous Wetland,Herbaceous / Nonvascular-dominated,Herbaceous - grassland,Perennial graminoid grassland,250,100,56,0.980392,0.392157,0.219608
156,9006,1128899,Inter-Mountain Basins Cliff and Canyon,9006,2001,Sps Inter-Mountain Basins Sparsely Vegetated Systems,Sparse,Sparsely Vegetated,700,Sparse Vegetation,LF 33: Sparsely Vegetated,No Dominant Lifeform,Sparsely vegetated,Sparsely vegetated,100,100,100,0.392157,0.392157,0.392157
157,9008,1760428,Inter-Mountain Basins Playa,9008,2001,Sps Inter-Mountain Basins Sparsely Vegetated Systems,Sparse,Sparsely Vegetated,700,Sparse Vegetation,LF 33: Sparsely Vegetated,No Dominant Lifeform,Sparsely vegetated,Sparsely vegetated,100,100,100,0.392157,0.392157,0.392157
158,9010,618890,Inter-Mountain Basins Wash,9010,2001,Sps Inter-Mountain Basins Sparsely Vegetated Systems,Sparse,Sparsely Vegetated,700,Sparse Vegetation,LF 33: Sparsely Vegetated,No Dominant Lifeform,Sparsely vegetated,Sparsely vegetated,100,100,100,0.392157,0.392157,0.392157
159,9011,812658,North American Arid West Emergent Marsh,9011,2225,He North American Arid West Emergent Marsh,Herb,Riparian,765,Freshwater Marsh,LF 56: Western Herbaceous Wetland,Herbaceous / Nonvascular-dominated,Herbaceous - grassland,Perennial graminoid grassland,250,100,56,0.980392,0.392157,0.219608
160,9016,20,Rocky Mountain Alpine Bedrock and Scree,9016,2006,Sps Rocky Mountain Alpine/Montane Sparsely Vegetated Systems,Sparse,Sparsely Vegetated,700,Sparse Vegetation,LF 33: Sparsely Vegetated,No Dominant Lifeform,Sparsely vegetated,Sparsely vegetated,100,100,100,0.392157,0.392157,0.392157
161,9017,24988,Rocky Mountain Alpine-Montane Wet Meadow,9017,2176,He Rocky Mountain Alpine-Montane Wet Meadow,Herb,Riparian,669,Western Herbaceous Wetland,SRM 422: Riparian,Herbaceous / Nonvascular-dominated,Herbaceous - grassland,Perennial graminoid grassland,184,96,24,0.721569,0.376471,0.094118
162,9018,6717,Rocky Mountain Cliff Canyon and Massive Bedrock,9018,2006,Sps Rocky Mountain Alpine/Montane Sparsely Vegetated Systems,Sparse,Sparsely Vegetated,700,Sparse Vegetation,LF 33: Sparsely Vegetated,No Dominant Lifeform,Sparsely vegetated,Sparsely vegetated,100,100,100,0.392157,0.392157,0.392157
163,9021,11101,Rocky Mountain Subalpine-Montane Riparian Shrubland,9021,2160,Tr Rocky Mountain Subalpine/Upper Montane Riparian Systems,Shrub,Riparian,635,Western Riparian Woodland and Shrubland,SRM 422: Riparian,Shrub-dominated,Shrubland,Mixed evergreen-deciduous shrubland,184,96,24,0.721569,0.376471,0.094118
164,9022,13508,Rocky Mountain Subalpine-Montane Riparian Woodland,9022,2160,Tr Rocky Mountain Subalpine/Upper Montane Riparian Systems,Tree,Riparian,635,Western Riparian Woodland and Shrubland,SRM 422: Riparian,Tree-dominated,Open tree canopy,Mixed evergreen-deciduous open tree canopy,184,96,24,0.721569,0.376471,0.094118
165,9030,110351,Columbia Plateau Silver Sagebrush Seasonally Flooded Shrub-Steppe,9030,2154,Tr Inter-Mountain Basins Montane Riparian Systems,Shrub,Riparian,635,Western Riparian Woodland and Shrubland,SRM 422: Riparian,Shrub-dominated,Shrubland,Mixed evergreen-deciduous shrubland,184,96,24,0.721569,0.376471,0.094118
166,9032,202,Columbia Plateau Ash and Tuff Badland,9032,2001,Sps Inter-Mountain Basins Sparsely Vegetated Systems,Sparse,Sparsely Vegetated,700,Sparse Vegetation,LF 33: Sparsely Vegetated,No Dominant Lifeform,Sparsely vegetated,Sparsely vegetated,100,100,100,0.392157,0.392157,0.392157
167,9034,35527,North American Warm Desert Riparian Woodland,9034,2155,Tr North American Warm Desert Riparian Systems,Tree,Riparian,635,Western Riparian Woodland and Shrubland,SRM 203: Riparian Woodland,Tree-dominated,Open tree canopy,Deciduous open tree canopy,81,180,141,0.317647,0.705882,0.552941
168,9035,5459,North American Warm Desert Lower Montane Riparian Woodland,9035,2155,Tr North American Warm Desert Riparian Systems,Tree,Riparian,635,Western Riparian Woodland and Shrubland,SRM 203: Riparian Woodland,Tree-dominated,Open tree canopy,Deciduous open tree canopy,81,180,141,0.317647,0.705882,0.552941
169,9062,1697470,Central California Coast Ranges Cliff and Canyon,9062,2002,Sps Mediterranean California Sparsely Vegetated Systems,Sparse,Sparsely Vegetated,700,Sparse Vegetation,LF 33: Sparsely Vegetated,No Dominant Lifeform,Sparsely vegetated,Sparsely vegetated,100,100,100,0.392157,0.392157,0.392157
170,9110,400143,Klamath-Siskiyou Cliff and Outcrop,9110,2002,Sps Mediterranean California Sparsely Vegetated Systems,Sparse,Sparsely Vegetated,700,Sparse Vegetation,LF 33: Sparsely Vegetated,No Dominant Lifeform,Sparsely vegetated,Sparsely vegetated,100,100,100,0.392157,0.392157,0.392157
171,9125,4753221,Mediterranean California Alpine Bedrock and Scree,9125,2002,Sps Mediterranean California Sparsely Vegetated Systems,Sparse,Sparsely Vegetated,700,Sparse Vegetation,LF 33: Sparsely Vegetated,No Dominant Lifeform,Sparsely vegetated,Sparsely vegetated,100,100,100,0.392157,0.392157,0.392157
172,9129,1893243,Mediterranean California Foothill and Lower Montane Riparian Woodland,9129,2152,Tr California Montane Riparian Systems,Tree,Riparian,635,Western Riparian Woodland and Shrubland,SRM 203: Riparian Woodland,Tree-dominated,Open tree canopy,Mixed evergreen-deciduous open tree canopy,81,180,141,0.317647,0.705882,0.552941
173,9130,131822,Mediterranean California Northern Coastal Dune,9130,2005,Sps Pacific Coastal Dunes and Other Sparsely Vegetated Systems,Sparse,Sparsely Vegetated,700,Sparse Vegetation,LF 33: Sparsely Vegetated,No Dominant Lifeform,Sparsely vegetated,Sparsely vegetated,100,100,100,0.392157,0.392157,0.392157
174,9133,5673,Mediterranean California Serpentine Foothill and Lower Montane Riparian Woodland and Seep,9133,2152,Tr California Montane Riparian Systems,Tree,Riparian,635,Western Riparian Woodland and Shrubland,SRM 203: Riparian Woodland,Tree-dominated,Open tree canopy,Mixed evergreen-deciduous open tree canopy,81,180,141,0.317647,0.705882,0.552941
175,9134,16630,Mediterranean California Southern Coastal Dune,9134,2005,Sps Pacific Coastal Dunes and Other Sparsely Vegetated Systems,Sparse,Sparsely Vegetated,700,Sparse Vegetation,LF 33: Sparsely Vegetated,No Dominant Lifeform,Sparsely vegetated,Sparsely vegetated,100,100,100,0.392157,0.392157,0.392157
176,9145,1908463,North American Warm Desert Active and Stabilized Dune,9145,2004,Sps North American Warm Desert Sparsely Vegetated Systems,Sparse,Sparsely Vegetated,700,Sparse Vegetation,LF 33: Sparsely Vegetated,No Dominant Lifeform,Sparsely vegetated,Sparsely vegetated,100,100,100,0.392157,0.392157,0.392157
177,9146,1926542,North American Warm Desert Badland,9146,2004,Sps North American Warm Desert Sparsely Vegetated Systems,Sparse,Sparsely Vegetated,700,Sparse Vegetation,LF 33: Sparsely Vegetated,No Dominant Lifeform,Sparsely vegetated,Sparsely vegetated,100,100,100,0.392157,0.392157,0.392157
178,9147,5507350,North American Warm Desert Bedrock Cliff and Outcrop,9147,2004,Sps North American Warm Desert Sparsely Vegetated Systems,Sparse,Sparsely Vegetated,700,Sparse Vegetation,LF 33: Sparsely Vegetated,No Dominant Lifeform,Sparsely vegetated,Sparsely vegetated,100,100,100,0.392157,0.392157,0.392157
179,9148,57275,North American Warm Desert Cienega,9148,2155,Tr North American Warm Desert Riparian Systems,Herb,Riparian,669,Western Herbaceous Wetland,LF 56: Western Herbaceous Wetland,Herbaceous / Nonvascular-dominated,Herbaceous - grassland,Perennial graminoid,81,180,141,0.317647,0.705882,0.552941
180,9150,18962434,North American Warm Desert Pavement,9150,2004,Sps North American Warm Desert Sparsely Vegetated Systems,Sparse,Sparsely Vegetated,700,Sparse Vegetation,LF 33: Sparsely Vegetated,No Dominant Lifeform,Sparsely vegetated,Sparsely vegetated,100,100,100,0.392157,0.392157,0.392157
181,9151,5448976,North American Warm Desert Playa,9151,2004,Sps North American Warm Desert Sparsely Vegetated Systems,Sparse,Sparsely Vegetated,700,Sparse Vegetation,LF 33: Sparsely Vegetated,No Dominant Lifeform,Sparsely vegetated,Sparsely vegetated,100,100,100,0.392157,0.392157,0.392157
182,9152,1636,North American Warm Desert Riparian Mesquite Bosque Woodland,9152,2155,Tr North American Warm Desert Riparian Systems,Tree,Riparian,635,Western Riparian Woodland and Shrubland,SRM 203: Riparian Woodland,Tree-dominated,Open tree canopy,Deciduous open tree canopy,81,180,141,0.317647,0.705882,0.552941
183,9153,1001192,North American Warm Desert Volcanic Rockland,9153,2004,Sps North American Warm Desert Sparsely Vegetated Systems,Sparse,Sparsely Vegetated,700,Sparse Vegetation,LF 33: Sparsely Vegetated,No Dominant Lifeform,Sparsely vegetated,Sparsely vegetated,100,100,100,0.392157,0.392157,0.392157
184,9154,709,North American Warm Desert Wash Woodland,9154,2155,Tr North American Warm Desert Riparian Systems,Tree,Riparian,635,Western Riparian Woodland and Shrubland,SRM 203: Riparian Woodland,Tree-dominated,Open tree canopy,Deciduous open tree canopy,81,180,141,0.317647,0.705882,0.552941
185,9160,202207,North Pacific Active Volcanic Rock and Cinder Land,9160,2003,Sps North Pacific Sparsely Vegetated Systems,Sparse,Sparsely Vegetated,700,Sparse Vegetation,LF 33: Sparsely Vegetated,No Dominant Lifeform,Sparsely vegetated,Sparsely vegetated,100,100,100,0.392157,0.392157,0.392157
186,9213,2861773,Sierra Nevada Cliff and Canyon,9213,2002,Sps Mediterranean California Sparsely Vegetated Systems,Sparse,Sparsely Vegetated,700,Sparse Vegetation,LF 33: Sparsely Vegetated,No Dominant Lifeform,Sparsely vegetated,Sparsely vegetated,100,100,100,0.392157,0.392157,0.392157
187,9246,470843,Southern California Coast Ranges Cliff and Canyon,9246,2002,Sps Mediterranean California Sparsely Vegetated Systems,Sparse,Sparsely Vegetated,700,Sparse Vegetation,LF 33: Sparsely Vegetated,No Dominant Lifeform,Sparsely vegetated,Sparsely vegetated,100,100,100,0.392157,0.392157,0.392157
188,9272,678509,Temperate Pacific Subalpine-Montane Wet Meadow,9272,2236,He Temperate Pacific Subalpine-Montane Wet Meadow,Herb,Riparian,675,Inland Marshes and Prairies,SRM 217: Wetlands,Herbaceous / Nonvascular-dominated,Herbaceous - grassland,Perennial graminoid grassland,255,127,59,1,0.498039,0.231373
189,9301,34874701,California Ruderal Grassland and Meadow,9301,2270,Sh California Ruderal Grassland Meadow & Scrub,Herb,Exotic Herbaceous,704,Introduced Annual and Biennial Forbland,LF 54: Introduced Upland Vegetation - Herbaceous,Herbaceous / Nonvascular-dominated,Herbaceous - grassland,Annual Graminoid/Forb,255,105,46,1,0.411765,0.180392
190,9302,1440523,Californian Ruderal Forest,9302,2271,Tr Californian Ruderal Forest,Tree,Exotic Tree-Shrub,707,Introduced Upland Vegetation-Treed,LF 53: Ruderal Forest,Tree-dominated,Open tree canopy,Mixed evergreen-deciduous open tree canopy,255,59,20,1,0.231373,0.078431
191,9307,144677,Great Basin & Intermountain Introduced Annual and Biennial Forbland,9307,2272,He Great Basin & Intermountain Introduced Annual and Biennial Forbland,Herb,Exotic Herbaceous,704,Introduced Annual and Biennial Forbland,LF 54: Introduced Upland Vegetation - Herbaceous,Herbaceous / Nonvascular-dominated,Herbaceous - grassland,Annual Graminoid/Forb,255,105,46,1,0.411765,0.180392
192,9308,1710668,Great Basin & Intermountain Introduced Annual Grassland,9308,2273,He Great Basin & Intermountain Introduced Annual Grassland,Herb,Exotic Herbaceous,702,Introduced Annual Grassland,LF 54: Introduced Upland Vegetation - Herbaceous,Herbaceous / Nonvascular-dominated,Herbaceous - grassland,Annual Graminoid/Forb,255,105,46,1,0.411765,0.180392
193,9309,196230,Great Basin & Intermountain Introduced Perennial Grassland and Forbland,9309,2274,He Great Basin & Intermountain Introduced Perennial Grassland and Forbland,Herb,Exotic Herbaceous,703,Introduced Perennial Grassland and Forbland,LF 54: Introduced Upland Vegetation - Herbaceous,Herbaceous / Nonvascular-dominated,Herbaceous - grassland,Perennial graminoid grassland,255,105,46,1,0.411765,0.180392
194,9310,1593038,North American Warm Desert Ruderal & Planted Scrub,9310,2275,Sh North American Warm Desert Ruderal & Planted Scrub & Grassland,Shrub,Exotic Tree-Shrub,706,Introduced Upland Vegetation-Shrub,LF 52: Introduced Upland Vegetation - Shrub,Shrub-dominated,Shrubland,Mixed evergreen-deciduous shrubland,255,105,46,1,0.411765,0.180392
195,9326,6083,Southern Vancouverian Lowland Ruderal Shrubland,9326,2277,Sh Southern Vancouverian Lowland Ruderal Grassland & Shrubland,Shrub,Exotic Tree-Shrub,706,Introduced Upland Vegetation-Shrub,LF 52: Introduced Upland Vegetation - Shrub,Shrub-dominated,Shrubland,Mixed evergreen-deciduous shrubland,255,105,46,1,0.411765,0.180392
196,9327,65228,Interior West Ruderal Riparian Forest,9327,2278,Tr Interior West Ruderal Riparian Forest & Scrub,Tree,Riparian,701,Introduced Riparian Vegetation,LF 58: Introduced Woody Wetlands and Riparian Vegetation,Tree-dominated,Open tree canopy,Mixed evergreen-deciduous open tree canopy,255,105,46,1,0.411765,0.180392
197,9328,572401,Interior Western North American Temperate Ruderal Shrubland,9328,2279,Sh Interior Western North American Temperate Ruderal Grassland & Shrubland,Shrub,Exotic Tree-Shrub,706,Introduced Upland Vegetation-Shrub,LF 52: Introduced Upland Vegetation - Shrub,Shrub-dominated,Shrubland,Mixed evergreen-deciduous shrubland,255,105,46,1,0.411765,0.180392
198,9329,366249,Western North American Ruderal Wet Shrubland,9329,2280,Sh Western North American Ruderal Wet Shrubland Meadow & Marsh,Shrub,Riparian,708,Introduced Woody Wetland Vegetation,LF 58: Introduced Woody Wetlands and Riparian Vegetation,Shrub-dominated,Shrubland,Mixed evergreen-deciduous shrubland,255,105,46,1,0.411765,0.180392
199,9336,2351111,Great Basin & Intermountain Ruderal Shrubland,9336,2282,Sh Great Basin & Intermountain Ruderal Shrubland,Shrub,Exotic Tree-Shrub,706,Introduced Upland Vegetation-Shrub,LF 52: Introduced Upland Vegetation - Shrub,Shrub-dominated,Shrubland,Mixed evergreen-deciduous shrubland,255,105,46,1,0.411765,0.180392
200,9337,5034517,California Ruderal Scrub,9301,2270,Sh California Ruderal Grassland Meadow & Scrub,Shrub,Exotic Tree-Shrub,706,Introduced Upland Vegetation-Shrub,LF 52: Introduced Upland Vegetation - Shrub,Shrub-dominated,Shrubland,Mixed evergreen-deciduous shrubland,255,105,46,1,0.411765,0.180392
201,9503,145473,Great Basin Foothill and Lower Montane Riparian Shrubland,9003,2154,Tr Inter-Mountain Basins Montane Riparian Systems,Shrub,Riparian,635,Western Riparian Woodland and Shrubland,SAF 235: Cottonwood-Willow,Shrub-dominated,Shrubland,Mixed evergreen-deciduous shrubland,73,171,186,0.286275,0.670588,0.729412
202,9505,30048,Great Basin Foothill and Lower Montane Riparian Herbaceous,9003,2154,Tr Inter-Mountain Basins Montane Riparian Systems,Herb,Riparian,635,Western Riparian Woodland and Shrubland,SAF 235: Cottonwood-Willow,Herbaceous / Nonvascular-dominated,Herbaceous - grassland,Perennial graminoid,73,171,186,0.286275,0.670588,0.729412
203,9533,14696,North American Warm Desert Riparian Herbaceous,9034,2155,Tr North American Warm Desert Riparian Systems,Herb,Riparian,669,Western Herbaceous Wetland,LF 56: Western Herbaceous Wetland,Herbaceous / Nonvascular-dominated,Herbaceous - grassland,Perennial graminoid,81,180,141,0.317647,0.705882,0.552941
204,9534,524623,North American Warm Desert Riparian Shrubland,9034,2155,Tr North American Warm Desert Riparian Systems,Shrub,Riparian,635,Western Riparian Woodland and Shrubland,SRM 203: Riparian Woodland,Shrub-dominated,Shrubland,Deciduous shrubland,81,180,141,0.317647,0.705882,0.552941
205,9535,4236,North American Warm Desert Lower Montane Riparian Shrubland,9035,2155,Tr North American Warm Desert Riparian Systems,Shrub,Riparian,635,Western Riparian Woodland and Shrubland,SRM 203: Riparian Woodland,Shrub-dominated,Shrubland,Deciduous shrubland,81,180,141,0.317647,0.705882,0.552941
206,9629,752889,Mediterranean California Foothill and Lower Montane Riparian Shrubland,9129,2152,Tr California Montane Riparian Systems,Shrub,Riparian,635,Western Riparian Woodland and Shrubland,SRM 203: Riparian Woodland,Shrub-dominated,Shrubland,Mixed evergreen-deciduous shrubland,81,180,141,0.317647,0.705882,0.552941
207,9633,12067,Mediterranean California Serpentine Foothill and Lower Montane Riparian Shrubland and Seep,9133,2152,Tr California Montane Riparian Systems,Shrub,Riparian,635,Western Riparian Woodland and Shrubland,SRM 203: Riparian Woodland,Shrub-dominated,Shrubland,Mixed evergreen-deciduous shrubland,81,180,141,0.317647,0.705882,0.552941
208,9652,12320,North American Warm Desert Riparian Mesquite Bosque Shrubland,9152,2155,Tr North American Warm Desert Riparian Systems,Shrub,Riparian,635,Western Riparian Woodland and Shrubland,SRM 203: Riparian Woodland,Shrub-dominated,Shrubland,Deciduous shrubland,81,180,141,0.317647,0.705882,0.552941
209,9654,6692,North American Warm Desert Wash Shrubland,9154,2155,Tr North American Warm Desert Riparian Systems,Shrub,Riparian,635,Western Riparian Woodland and Shrubland,SRM 203: Riparian Woodland,Shrub-dominated,Shrubland,Mixed evergreen-deciduous shrubland,81,180,141,0.317647,0.705882,0.552941
210,9810,1120566,North American Warm Desert Ruderal & Planted Grassland,9310,2275,Sh North American Warm Desert Ruderal & Planted Scrub & Grassland,Herb,Exotic Herbaceous,703,Introduced Perennial Grassland and Forbland,LF 54: Introduced Upland Vegetation - Herbaceous,Herbaceous / Nonvascular-dominated,Herbaceous - grassland,Perennial graminoid grassland,255,105,46,1,0.411765,0.180392
211,9826,247,Southern Vancouverian Lowland Ruderal Grassland,9326,2277,Sh Southern Vancouverian Lowland Ruderal Grassland & Shrubland,Herb,Exotic Herbaceous,703,Introduced Perennial Grassland and Forbland,LF 54: Introduced Upland Vegetation - Herbaceous,Herbaceous / Nonvascular-dominated,Herbaceous - grassland,Perennial graminoid grassland,255,105,46,1,0.411765,0.180392
212,9827,165240,Interior West Ruderal Riparian Scrub,9327,2278,Tr Interior West Ruderal Riparian Forest & Scrub,Shrub,Riparian,701,Introduced Riparian Vegetation,LF 58: Introduced Woody Wetlands and Riparian Vegetation,Shrub-dominated,Shrubland,Mixed evergreen-deciduous shrubland,255,105,46,1,0.411765,0.180392
213,9828,592176,Interior Western North American Temperate Ruderal Grassland,9328,2279,Sh Interior Western North American Temperate Ruderal Grassland & Shrubland,Herb,Exotic Herbaceous,703,Introduced Perennial Grassland and Forbland,LF 54: Introduced Upland Vegetation - Herbaceous,Herbaceous / Nonvascular-dominated,Herbaceous - grassland,Perennial graminoid grassland,255,105,46,1,0.411765,0.180392
214,9829,1661931,Western North American Ruderal Wet Meadow & Marsh,9329,2280,Sh Western North American Ruderal Wet Shrubland Meadow & Marsh,Herb,Riparian,709,Introduced Herbaceous Wetland Vegetation,LF 59: Introduced Herbaceous Wetland and Riparian Vegetation,Herbaceous / Nonvascular-dominated,Herbaceous - grassland,Perennial graminoid grassland,255,105,46,1,0.411765,0.180392
